size,type,ms
500,random,0
500,reverse,0
500,almost,0
600,random,0
600,reverse,0
600,almost,0
700,random,0
700,reverse,0
700,almost,0
800,random,0
800,reverse,0
800,almost,0
900,random,0
900,reverse,0
900,almost,0
1000,random,0
1000,reverse,0
1000,almost,0
1100,random,0
1100,reverse,0
1100,almost,0
1200,random,0
1200,reverse,0
1200,almost,0
1300,random,0
1300,reverse,0
1300,almost,0
1400,random,0
1400,reverse,0
1400,almost,0
1500,random,0
1500,reverse,0
1500,almost,0
1600,random,0
1600,reverse,0
1600,almost,0
1700,random,0
1700,reverse,0
1700,almost,0
1800,random,0
1800,reverse,0
1800,almost,0
1900,random,0
1900,reverse,0
1900,almost,0
2000,random,0
2000,reverse,0
2000,almost,0
2100,random,0
2100,reverse,0
2100,almost,0
2200,random,0
2200,reverse,0
2200,almost,0
2300,random,0
2300,reverse,0
2300,almost,0
2400,random,0
2400,reverse,0
2400,almost,0
2500,random,0
2500,reverse,0
2500,almost,0
2600,random,0
2600,reverse,0
2600,almost,0
2700,random,0
2700,reverse,0
2700,almost,0
2800,random,0
2800,reverse,0
2800,almost,0
2900,random,0
2900,reverse,0
2900,almost,0
3000,random,0
3000,reverse,0
3000,almost,0
3100,random,0
3100,reverse,0
3100,almost,0
3200,random,0.2
3200,reverse,0
3200,almost,0
3300,random,0
3300,reverse,0
3300,almost,0
3400,random,0.2
3400,reverse,0
3400,almost,0
3500,random,0
3500,reverse,0
3500,almost,0
3600,random,0
3600,reverse,0
3600,almost,0
3700,random,0
3700,reverse,0
3700,almost,0
3800,random,0
3800,reverse,0
3800,almost,0
3900,random,0
3900,reverse,0
3900,almost,0
4000,random,0
4000,reverse,0
4000,almost,0
4100,random,0
4100,reverse,0
4100,almost,0
4200,random,0
4200,reverse,0
4200,almost,0
4300,random,0
4300,reverse,0
4300,almost,0
4400,random,0
4400,reverse,0
4400,almost,0
4500,random,0
4500,reverse,0
4500,almost,0
4600,random,0
4600,reverse,0
4600,almost,0
4700,random,0
4700,reverse,0
4700,almost,0
4800,random,0
4800,reverse,0
4800,almost,0
4900,random,0
4900,reverse,0
4900,almost,0
5000,random,0
5000,reverse,0
5000,almost,0
5100,random,0
5100,reverse,0
5100,almost,0
5200,random,0
5200,reverse,0
5200,almost,0
5300,random,0
5300,reverse,0
5300,almost,0
5400,random,0
5400,reverse,0
5400,almost,0
5500,random,0
5500,reverse,0
5500,almost,0
5600,random,0
5600,reverse,0
5600,almost,0
5700,random,0
5700,reverse,0
5700,almost,0
5800,random,0
5800,reverse,0
5800,almost,0
5900,random,0
5900,reverse,0
5900,almost,0
6000,random,0
6000,reverse,0
6000,almost,0
6100,random,0
6100,reverse,0
6100,almost,0
6200,random,0
6200,reverse,0
6200,almost,0
6300,random,0
6300,reverse,0
6300,almost,0
6400,random,0
6400,reverse,0
6400,almost,0
6500,random,0
6500,reverse,0
6500,almost,0
6600,random,0
6600,reverse,0
6600,almost,0
6700,random,0
6700,reverse,0
6700,almost,0
6800,random,0
6800,reverse,0
6800,almost,0
6900,random,0
6900,reverse,0
6900,almost,0
7000,random,0
7000,reverse,0
7000,almost,0
7100,random,0
7100,reverse,0
7100,almost,0
7200,random,0
7200,reverse,0
7200,almost,0
7300,random,0
7300,reverse,0
7300,almost,0
7400,random,0
7400,reverse,0
7400,almost,0
7500,random,0
7500,reverse,0
7500,almost,0
7600,random,0
7600,reverse,0
7600,almost,0
7700,random,0
7700,reverse,0
7700,almost,0
7800,random,0
7800,reverse,0
7800,almost,0
7900,random,0
7900,reverse,0
7900,almost,0
8000,random,0
8000,reverse,0
8000,almost,0
8100,random,0
8100,reverse,0
8100,almost,0
8200,random,0
8200,reverse,0
8200,almost,0
8300,random,0
8300,reverse,0
8300,almost,0
8400,random,0
8400,reverse,0
8400,almost,0
8500,random,0
8500,reverse,0
8500,almost,0
8600,random,0
8600,reverse,0
8600,almost,0
8700,random,0
8700,reverse,0
8700,almost,0
8800,random,0
8800,reverse,0
8800,almost,0
8900,random,0
8900,reverse,0
8900,almost,0
9000,random,0
9000,reverse,0
9000,almost,0
9100,random,0
9100,reverse,0
9100,almost,0
9200,random,0
9200,reverse,0
9200,almost,0
9300,random,0
9300,reverse,0
9300,almost,0
9400,random,0.4
9400,reverse,0
9400,almost,0
9500,random,0
9500,reverse,0
9500,almost,0
9600,random,0
9600,reverse,0
9600,almost,0
9700,random,0
9700,reverse,0
9700,almost,0
9800,random,0
9800,reverse,0
9800,almost,0
9900,random,0
9900,reverse,0
9900,almost,0
10000,random,0
10000,reverse,0
10000,almost,0
10100,random,0
10100,reverse,0
10100,almost,0
10200,random,0
10200,reverse,0
10200,almost,0
10300,random,0
10300,reverse,0
10300,almost,0
10400,random,0
10400,reverse,0
10400,almost,0
10500,random,0
10500,reverse,0
10500,almost,0
10600,random,0
10600,reverse,0
10600,almost,0
10700,random,0
10700,reverse,0
10700,almost,0
10800,random,0
10800,reverse,0
10800,almost,0
10900,random,0
10900,reverse,0
10900,almost,0
11000,random,0
11000,reverse,0
11000,almost,0
11100,random,0
11100,reverse,0
11100,almost,0
11200,random,0
11200,reverse,0
11200,almost,0
11300,random,0
11300,reverse,0
11300,almost,0
11400,random,0
11400,reverse,0
11400,almost,0
11500,random,0.2
11500,reverse,0
11500,almost,0
11600,random,0
11600,reverse,0
11600,almost,0
11700,random,0.6
11700,reverse,0
11700,almost,0
11800,random,0.2
11800,reverse,0
11800,almost,0
11900,random,1
11900,reverse,0
11900,almost,0
12000,random,0.6
12000,reverse,0
12000,almost,0
12100,random,0
12100,reverse,0
12100,almost,0
12200,random,0.2
12200,reverse,0
12200,almost,0
12300,random,0.6
12300,reverse,0
12300,almost,0
12400,random,0.6
12400,reverse,0
12400,almost,0
12500,random,1
12500,reverse,0
12500,almost,0
12600,random,1
12600,reverse,0
12600,almost,0
12700,random,0.8
12700,reverse,0
12700,almost,0
12800,random,1
12800,reverse,0
12800,almost,0
12900,random,1
12900,reverse,0
12900,almost,0
13000,random,1
13000,reverse,0
13000,almost,0
13100,random,1
13100,reverse,0
13100,almost,0
13200,random,1
13200,reverse,0
13200,almost,0
13300,random,1
13300,reverse,0
13300,almost,0
13400,random,1
13400,reverse,0
13400,almost,0
13500,random,1
13500,reverse,0
13500,almost,0
13600,random,1
13600,reverse,0
13600,almost,0
13700,random,1
13700,reverse,0
13700,almost,0
13800,random,1
13800,reverse,0
13800,almost,0
13900,random,1
13900,reverse,0
13900,almost,0
14000,random,1
14000,reverse,0
14000,almost,0
14100,random,1
14100,reverse,0
14100,almost,0
14200,random,1
14200,reverse,0
14200,almost,0
14300,random,1
14300,reverse,0
14300,almost,0
14400,random,1
14400,reverse,0
14400,almost,0
14500,random,1
14500,reverse,0
14500,almost,0
14600,random,1
14600,reverse,0
14600,almost,0.2
14700,random,1
14700,reverse,0
14700,almost,0
14800,random,1
14800,reverse,0
14800,almost,0
14900,random,1
14900,reverse,0
14900,almost,0
15000,random,1
15000,reverse,0
15000,almost,0
15100,random,1
15100,reverse,0
15100,almost,0
15200,random,1
15200,reverse,0
15200,almost,0
15300,random,1
15300,reverse,0
15300,almost,0
15400,random,1
15400,reverse,0
15400,almost,0
15500,random,1
15500,reverse,0
15500,almost,0
15600,random,1
15600,reverse,0
15600,almost,0
15700,random,1.2
15700,reverse,0
15700,almost,0
15800,random,1
15800,reverse,0
15800,almost,0
15900,random,1
15900,reverse,0
15900,almost,0
16000,random,1
16000,reverse,0
16000,almost,0
16100,random,1
16100,reverse,0
16100,almost,0
16200,random,1
16200,reverse,0
16200,almost,0
16300,random,1
16300,reverse,0
16300,almost,0
16400,random,1
16400,reverse,0
16400,almost,0
16500,random,1
16500,reverse,0
16500,almost,0
16600,random,1
16600,reverse,0
16600,almost,0
16700,random,1
16700,reverse,0
16700,almost,0
16800,random,1
16800,reverse,0
16800,almost,0
16900,random,1
16900,reverse,0
16900,almost,0
17000,random,1
17000,reverse,0
17000,almost,0
17100,random,1
17100,reverse,0
17100,almost,0
17200,random,1
17200,reverse,0
17200,almost,0
17300,random,1
17300,reverse,0
17300,almost,0
17400,random,1
17400,reverse,0
17400,almost,0
17500,random,1
17500,reverse,0
17500,almost,0
17600,random,1
17600,reverse,0
17600,almost,0
17700,random,1
17700,reverse,0
17700,almost,0
17800,random,1
17800,reverse,0
17800,almost,0
17900,random,1
17900,reverse,0
17900,almost,0
18000,random,1
18000,reverse,0
18000,almost,0
18100,random,1
18100,reverse,0
18100,almost,0
18200,random,1
18200,reverse,0
18200,almost,0
18300,random,1
18300,reverse,0
18300,almost,0
18400,random,1
18400,reverse,0
18400,almost,0
18500,random,1
18500,reverse,0
18500,almost,0
18600,random,1
18600,reverse,0
18600,almost,0.2
18700,random,1
18700,reverse,0
18700,almost,0
18800,random,1
18800,reverse,0
18800,almost,0
18900,random,1
18900,reverse,0
18900,almost,0
19000,random,1
19000,reverse,0
19000,almost,0
19100,random,1
19100,reverse,0
19100,almost,0
19200,random,1
19200,reverse,0
19200,almost,0
19300,random,1
19300,reverse,0
19300,almost,0
19400,random,1
19400,reverse,0
19400,almost,0
19500,random,1
19500,reverse,0
19500,almost,0
19600,random,1
19600,reverse,0
19600,almost,0
19700,random,1
19700,reverse,0
19700,almost,0
19800,random,1
19800,reverse,0
19800,almost,0
19900,random,1
19900,reverse,0
19900,almost,0
20000,random,1
20000,reverse,0
20000,almost,0
20100,random,1
20100,reverse,0
20100,almost,0
20200,random,1
20200,reverse,0
20200,almost,0
20300,random,1
20300,reverse,0
20300,almost,0
20400,random,1.2
20400,reverse,0
20400,almost,0
20500,random,1
20500,reverse,0
20500,almost,0
20600,random,1
20600,reverse,0
20600,almost,0
20700,random,1
20700,reverse,0
20700,almost,0
20800,random,1
20800,reverse,0
20800,almost,0
20900,random,1
20900,reverse,0
20900,almost,0
21000,random,1
21000,reverse,0
21000,almost,0
21100,random,1
21100,reverse,0
21100,almost,0
21200,random,1
21200,reverse,0
21200,almost,0
21300,random,1
21300,reverse,0
21300,almost,0
21400,random,1
21400,reverse,0
21400,almost,0
21500,random,1.4
21500,reverse,0
21500,almost,0
21600,random,1
21600,reverse,0
21600,almost,0
21700,random,1
21700,reverse,0
21700,almost,0
21800,random,1
21800,reverse,0
21800,almost,0
21900,random,1
21900,reverse,0
21900,almost,0
22000,random,1
22000,reverse,0
22000,almost,0
22100,random,1
22100,reverse,0
22100,almost,0
22200,random,1
22200,reverse,0
22200,almost,0
22300,random,1
22300,reverse,0
22300,almost,0
22400,random,1
22400,reverse,0
22400,almost,0
22500,random,1
22500,reverse,0
22500,almost,0
22600,random,1
22600,reverse,0
22600,almost,0
22700,random,1
22700,reverse,0
22700,almost,0
22800,random,1
22800,reverse,0
22800,almost,0
22900,random,1.4
22900,reverse,0
22900,almost,0
23000,random,1.6
23000,reverse,0
23000,almost,0
23100,random,1.6
23100,reverse,0
23100,almost,0
23200,random,1.2
23200,reverse,0
23200,almost,0
23300,random,1.8
23300,reverse,0
23300,almost,0
23400,random,1.2
23400,reverse,0
23400,almost,0
23500,random,1.4
23500,reverse,0
23500,almost,0
23600,random,1.4
23600,reverse,0
23600,almost,0
23700,random,2
23700,reverse,0
23700,almost,0
23800,random,1.8
23800,reverse,0
23800,almost,0
23900,random,2
23900,reverse,0
23900,almost,0
24000,random,1.6
24000,reverse,0
24000,almost,0
24100,random,1.8
24100,reverse,0
24100,almost,0
24200,random,2
24200,reverse,0
24200,almost,0
24300,random,2
24300,reverse,0
24300,almost,0
24400,random,2
24400,reverse,0
24400,almost,0
24500,random,2
24500,reverse,0
24500,almost,0
24600,random,2
24600,reverse,0
24600,almost,0
24700,random,2
24700,reverse,0
24700,almost,0
24800,random,2
24800,reverse,0
24800,almost,0
24900,random,2
24900,reverse,0
24900,almost,0
25000,random,2
25000,reverse,0
25000,almost,0
25100,random,2
25100,reverse,0
25100,almost,0
25200,random,2
25200,reverse,0
25200,almost,0
25300,random,2
25300,reverse,0
25300,almost,0.2
25400,random,2
25400,reverse,0.2
25400,almost,0
25500,random,2
25500,reverse,0
25500,almost,0
25600,random,2
25600,reverse,0
25600,almost,0
25700,random,2.2
25700,reverse,0
25700,almost,0
25800,random,2
25800,reverse,0
25800,almost,0
25900,random,2
25900,reverse,0
25900,almost,0
26000,random,2
26000,reverse,0
26000,almost,0
26100,random,2
26100,reverse,0
26100,almost,0
26200,random,2
26200,reverse,0
26200,almost,0.2
26300,random,2
26300,reverse,0
26300,almost,0
26400,random,2
26400,reverse,0
26400,almost,0
26500,random,2.2
26500,reverse,0
26500,almost,0
26600,random,2
26600,reverse,0
26600,almost,0
26700,random,2
26700,reverse,0
26700,almost,0
26800,random,2
26800,reverse,0
26800,almost,0
26900,random,2
26900,reverse,0
26900,almost,0
27000,random,2
27000,reverse,0
27000,almost,0
27100,random,2.2
27100,reverse,0
27100,almost,0
27200,random,2
27200,reverse,0
27200,almost,0
27300,random,2
27300,reverse,0
27300,almost,0
27400,random,2
27400,reverse,0
27400,almost,0
27500,random,2
27500,reverse,0
27500,almost,0
27600,random,2
27600,reverse,0
27600,almost,0
27700,random,2
27700,reverse,0
27700,almost,0
27800,random,2
27800,reverse,0
27800,almost,0.2
27900,random,2
27900,reverse,0
27900,almost,0
28000,random,2
28000,reverse,0
28000,almost,0
28100,random,2
28100,reverse,0
28100,almost,0
28200,random,2
28200,reverse,0
28200,almost,0
28300,random,2
28300,reverse,0
28300,almost,0
28400,random,2
28400,reverse,0
28400,almost,0
28500,random,2
28500,reverse,0
28500,almost,0
28600,random,2.2
28600,reverse,0
28600,almost,0
28700,random,2
28700,reverse,0
28700,almost,0
28800,random,2
28800,reverse,0
28800,almost,0
28900,random,2
28900,reverse,0
28900,almost,0
29000,random,2
29000,reverse,0
29000,almost,0
29100,random,2
29100,reverse,0
29100,almost,0
29200,random,2
29200,reverse,0
29200,almost,0.2
29300,random,2
29300,reverse,0
29300,almost,0
29400,random,2
29400,reverse,0
29400,almost,0
29500,random,2
29500,reverse,0
29500,almost,0.4
29600,random,2
29600,reverse,0
29600,almost,0.2
29700,random,2
29700,reverse,0
29700,almost,0
29800,random,2
29800,reverse,0
29800,almost,0
29900,random,2
29900,reverse,0
29900,almost,0
30000,random,2
30000,reverse,0
30000,almost,0.4
30100,random,2
30100,reverse,0
30100,almost,0.2
30200,random,2
30200,reverse,0
30200,almost,0
30300,random,2
30300,reverse,0
30300,almost,0.2
30400,random,2
30400,reverse,0
30400,almost,0
30500,random,2
30500,reverse,0
30500,almost,0.2
30600,random,2
30600,reverse,0
30600,almost,0.2
30700,random,2
30700,reverse,0
30700,almost,0.4
30800,random,2
30800,reverse,0
30800,almost,0.2
30900,random,2
30900,reverse,0
30900,almost,0
31000,random,2
31000,reverse,0
31000,almost,0
31100,random,2
31100,reverse,0
31100,almost,1
31200,random,2
31200,reverse,0
31200,almost,0
31300,random,2
31300,reverse,0
31300,almost,0.6
31400,random,2
31400,reverse,0
31400,almost,0.6
31500,random,2.2
31500,reverse,0
31500,almost,0.4
31600,random,2
31600,reverse,0
31600,almost,0.2
31700,random,2
31700,reverse,0
31700,almost,0
31800,random,2
31800,reverse,0
31800,almost,0.4
31900,random,2
31900,reverse,0
31900,almost,0.8
32000,random,2
32000,reverse,0
32000,almost,0.6
32100,random,2
32100,reverse,0
32100,almost,0.4
32200,random,2
32200,reverse,0
32200,almost,0.8
32300,random,2
32300,reverse,0
32300,almost,1
32400,random,2
32400,reverse,0
32400,almost,1
32500,random,2
32500,reverse,0
32500,almost,1
32600,random,2.2
32600,reverse,0
32600,almost,0.6
32700,random,2
32700,reverse,0
32700,almost,0.8
32800,random,2
32800,reverse,0
32800,almost,1
32900,random,2.2
32900,reverse,0
32900,almost,1
33000,random,2
33000,reverse,0
33000,almost,1
33100,random,2
33100,reverse,0
33100,almost,1
33200,random,2.2
33200,reverse,0
33200,almost,1
33300,random,2
33300,reverse,0
33300,almost,1
33400,random,2
33400,reverse,0
33400,almost,1
33500,random,2.2
33500,reverse,0
33500,almost,1
33600,random,2.8
33600,reverse,0
33600,almost,1
33700,random,2.2
33700,reverse,0
33700,almost,1
33800,random,2.2
33800,reverse,0
33800,almost,1
33900,random,2.2
33900,reverse,0
33900,almost,1
34000,random,3
34000,reverse,0
34000,almost,1
34100,random,2
34100,reverse,0
34100,almost,1
34200,random,2.4
34200,reverse,0
34200,almost,1
34300,random,2.6
34300,reverse,0
34300,almost,1
34400,random,2.6
34400,reverse,0
34400,almost,1
34500,random,3
34500,reverse,0
34500,almost,1
34600,random,2.6
34600,reverse,0
34600,almost,1
34700,random,2.4
34700,reverse,0
34700,almost,1
34800,random,3
34800,reverse,0
34800,almost,1
34900,random,2.4
34900,reverse,0
34900,almost,1
35000,random,2.4
35000,reverse,0
35000,almost,1
35100,random,2.6
35100,reverse,0
35100,almost,1
35200,random,2.8
35200,reverse,0
35200,almost,1
35300,random,3
35300,reverse,0
35300,almost,1
35400,random,2.2
35400,reverse,0
35400,almost,1
35500,random,3
35500,reverse,0
35500,almost,1
35600,random,3
35600,reverse,0
35600,almost,1
35700,random,3
35700,reverse,0
35700,almost,1
35800,random,3
35800,reverse,0
35800,almost,1
35900,random,3
35900,reverse,0
35900,almost,1
36000,random,3
36000,reverse,0
36000,almost,1
36100,random,3
36100,reverse,0
36100,almost,1
36200,random,3
36200,reverse,0
36200,almost,1
36300,random,3
36300,reverse,0
36300,almost,1
36400,random,3
36400,reverse,0
36400,almost,1
36500,random,3
36500,reverse,0
36500,almost,1
36600,random,3
36600,reverse,0
36600,almost,1
36700,random,3
36700,reverse,0
36700,almost,1
36800,random,3
36800,reverse,0
36800,almost,1
36900,random,3
36900,reverse,0
36900,almost,1
37000,random,3
37000,reverse,0
37000,almost,1
37100,random,3
37100,reverse,0
37100,almost,1
37200,random,3
37200,reverse,0
37200,almost,1
37300,random,3
37300,reverse,0.2
37300,almost,1
37400,random,3
37400,reverse,0
37400,almost,1
37500,random,3
37500,reverse,0
37500,almost,1
37600,random,3
37600,reverse,0
37600,almost,1
37700,random,3
37700,reverse,0.2
37700,almost,1
37800,random,3
37800,reverse,0
37800,almost,1
37900,random,3
37900,reverse,0
37900,almost,1
38000,random,3
38000,reverse,0
38000,almost,1
38100,random,3
38100,reverse,0.4
38100,almost,1
38200,random,3
38200,reverse,0
38200,almost,1
38300,random,3.8
38300,reverse,0.6
38300,almost,1
38400,random,3
38400,reverse,0
38400,almost,1
38500,random,3
38500,reverse,0.4
38500,almost,1
38600,random,3
38600,reverse,0
38600,almost,1
38700,random,3
38700,reverse,0
38700,almost,1
38800,random,3
38800,reverse,0
38800,almost,1
38900,random,3
38900,reverse,0
38900,almost,1
39000,random,3
39000,reverse,0
39000,almost,1
39100,random,3
39100,reverse,0
39100,almost,1
39200,random,3
39200,reverse,0.2
39200,almost,1
39300,random,3
39300,reverse,0
39300,almost,1
39400,random,3
39400,reverse,0
39400,almost,1
39500,random,3
39500,reverse,0.4
39500,almost,1
39600,random,3
39600,reverse,0.6
39600,almost,1
39700,random,3
39700,reverse,0.6
39700,almost,1
39800,random,3
39800,reverse,0
39800,almost,1
39900,random,3
39900,reverse,0
39900,almost,1
40000,random,3
40000,reverse,0
40000,almost,1
40100,random,3
40100,reverse,0.2
40100,almost,1
40200,random,3
40200,reverse,0
40200,almost,1
40300,random,3
40300,reverse,0.4
40300,almost,1
40400,random,3
40400,reverse,0.2
40400,almost,1
40500,random,3
40500,reverse,0.4
40500,almost,1
40600,random,3
40600,reverse,0
40600,almost,1
40700,random,3
40700,reverse,0.4
40700,almost,1
40800,random,3
40800,reverse,0.4
40800,almost,1
40900,random,3
40900,reverse,0.4
40900,almost,1
41000,random,3
41000,reverse,0.6
41000,almost,1
41100,random,3
41100,reverse,0.4
41100,almost,1
41200,random,3.2
41200,reverse,0.2
41200,almost,1
41300,random,3
41300,reverse,0.4
41300,almost,1
41400,random,3
41400,reverse,0.2
41400,almost,1
41500,random,3
41500,reverse,0.4
41500,almost,1
41600,random,3
41600,reverse,1
41600,almost,1
41700,random,3
41700,reverse,0.2
41700,almost,1
41800,random,3
41800,reverse,0.2
41800,almost,1
41900,random,3
41900,reverse,0
41900,almost,1
42000,random,3
42000,reverse,0
42000,almost,1
42100,random,3
42100,reverse,0.2
42100,almost,1
42200,random,3
42200,reverse,0
42200,almost,1
42300,random,3
42300,reverse,0.6
42300,almost,1
42400,random,3
42400,reverse,0
42400,almost,1
42500,random,3
42500,reverse,0
42500,almost,1
42600,random,3
42600,reverse,0.2
42600,almost,1
42700,random,3
42700,reverse,0.8
42700,almost,1
42800,random,3
42800,reverse,0.6
42800,almost,1
42900,random,3
42900,reverse,0.8
42900,almost,1
43000,random,3
43000,reverse,0.4
43000,almost,1
43100,random,3
43100,reverse,1
43100,almost,1
43200,random,3.2
43200,reverse,0.2
43200,almost,1
43300,random,3.2
43300,reverse,0.6
43300,almost,1
43400,random,3
43400,reverse,0.2
43400,almost,1
43500,random,3.2
43500,reverse,0.8
43500,almost,1
43600,random,3.2
43600,reverse,0.8
43600,almost,1
43700,random,3.4
43700,reverse,0.8
43700,almost,1
43800,random,3.2
43800,reverse,0.8
43800,almost,1
43900,random,3.4
43900,reverse,0.2
43900,almost,1
44000,random,3.2
44000,reverse,1
44000,almost,1
44100,random,3.2
44100,reverse,1
44100,almost,1
44200,random,3.6
44200,reverse,0.8
44200,almost,1
44300,random,3.8
44300,reverse,1
44300,almost,1
44400,random,3.4
44400,reverse,0.8
44400,almost,1
44500,random,3.4
44500,reverse,0.4
44500,almost,1
44600,random,3.4
44600,reverse,1
44600,almost,1.6
44700,random,3.8
44700,reverse,0.6
44700,almost,1
44800,random,3.4
44800,reverse,1
44800,almost,1
44900,random,3.2
44900,reverse,0
44900,almost,1
45000,random,3.4
45000,reverse,1
45000,almost,1
45100,random,3.2
45100,reverse,0.4
45100,almost,1
45200,random,3.2
45200,reverse,1
45200,almost,1
45300,random,3.6
45300,reverse,1
45300,almost,1
45400,random,3.4
45400,reverse,0.4
45400,almost,1
45500,random,3.4
45500,reverse,0.8
45500,almost,1.2
45600,random,3
45600,reverse,1
45600,almost,1
45700,random,3.6
45700,reverse,1
45700,almost,1
45800,random,4
45800,reverse,1
45800,almost,1
45900,random,3.4
45900,reverse,1
45900,almost,1
46000,random,4
46000,reverse,1
46000,almost,1
46100,random,3.4
46100,reverse,1
46100,almost,1
46200,random,3.4
46200,reverse,1
46200,almost,1
46300,random,3.4
46300,reverse,1
46300,almost,1
46400,random,3.4
46400,reverse,1
46400,almost,1
46500,random,4
46500,reverse,1
46500,almost,1
46600,random,4
46600,reverse,1
46600,almost,1
46700,random,4
46700,reverse,1
46700,almost,1
46800,random,4
46800,reverse,1
46800,almost,1
46900,random,3.4
46900,reverse,1
46900,almost,1
47000,random,4
47000,reverse,1
47000,almost,1
47100,random,3.8
47100,reverse,1
47100,almost,1
47200,random,4
47200,reverse,1
47200,almost,1
47300,random,4
47300,reverse,1
47300,almost,1
47400,random,4
47400,reverse,1
47400,almost,1
47500,random,4
47500,reverse,1
47500,almost,1
47600,random,4
47600,reverse,1
47600,almost,1
47700,random,4
47700,reverse,1
47700,almost,1
47800,random,4
47800,reverse,1
47800,almost,1
47900,random,4
47900,reverse,1
47900,almost,1
48000,random,4
48000,reverse,1
48000,almost,1
48100,random,4
48100,reverse,1
48100,almost,1
48200,random,4
48200,reverse,1
48200,almost,1
48300,random,4
48300,reverse,1
48300,almost,1
48400,random,4
48400,reverse,1
48400,almost,1
48500,random,4
48500,reverse,1
48500,almost,1
48600,random,4
48600,reverse,1
48600,almost,1
48700,random,4
48700,reverse,1
48700,almost,1
48800,random,4
48800,reverse,1
48800,almost,1
48900,random,4
48900,reverse,1
48900,almost,1
49000,random,4
49000,reverse,1
49000,almost,1
49100,random,4
49100,reverse,1
49100,almost,1
49200,random,4
49200,reverse,1
49200,almost,1
49300,random,4
49300,reverse,1
49300,almost,1
49400,random,4
49400,reverse,1
49400,almost,1
49500,random,4
49500,reverse,1
49500,almost,1
49600,random,4
49600,reverse,1
49600,almost,1
49700,random,4
49700,reverse,1
49700,almost,1
49800,random,4
49800,reverse,1
49800,almost,1
49900,random,4
49900,reverse,1
49900,almost,1
50000,random,4
50000,reverse,1
50000,almost,1
50100,random,4
50100,reverse,1
50100,almost,1
50200,random,4
50200,reverse,1
50200,almost,1
50300,random,4
50300,reverse,1
50300,almost,1
50400,random,4
50400,reverse,1
50400,almost,1
50500,random,4
50500,reverse,1
50500,almost,1
50600,random,4
50600,reverse,1
50600,almost,1
50700,random,4
50700,reverse,1
50700,almost,1
50800,random,4
50800,reverse,1
50800,almost,1
50900,random,4
50900,reverse,1
50900,almost,1
51000,random,4
51000,reverse,1
51000,almost,1
51100,random,4
51100,reverse,1
51100,almost,1
51200,random,4.2
51200,reverse,1.6
51200,almost,1.2
51300,random,4
51300,reverse,1
51300,almost,1
51400,random,4
51400,reverse,1
51400,almost,1
51500,random,4
51500,reverse,1
51500,almost,1
51600,random,4
51600,reverse,1
51600,almost,1
51700,random,4
51700,reverse,1
51700,almost,1
51800,random,4
51800,reverse,1
51800,almost,1
51900,random,4
51900,reverse,1
51900,almost,1
52000,random,4
52000,reverse,1
52000,almost,1
52100,random,4
52100,reverse,1
52100,almost,1
52200,random,4
52200,reverse,1
52200,almost,1
52300,random,4.2
52300,reverse,1
52300,almost,1
52400,random,4
52400,reverse,1
52400,almost,1
52500,random,4
52500,reverse,1
52500,almost,1
52600,random,4
52600,reverse,1
52600,almost,1
52700,random,4
52700,reverse,1
52700,almost,1
52800,random,4
52800,reverse,1
52800,almost,1
52900,random,4
52900,reverse,1
52900,almost,1
53000,random,4
53000,reverse,1
53000,almost,1
53100,random,4
53100,reverse,1
53100,almost,1
53200,random,4
53200,reverse,1
53200,almost,1
53300,random,4
53300,reverse,1
53300,almost,1
53400,random,4
53400,reverse,1
53400,almost,1
53500,random,4
53500,reverse,1
53500,almost,1
53600,random,4.4
53600,reverse,1
53600,almost,1
53700,random,4.2
53700,reverse,1
53700,almost,1
53800,random,4
53800,reverse,1
53800,almost,1
53900,random,4.2
53900,reverse,1
53900,almost,1
54000,random,4.2
54000,reverse,1
54000,almost,1
54100,random,4
54100,reverse,1
54100,almost,1
54200,random,4
54200,reverse,1
54200,almost,1
54300,random,4
54300,reverse,1
54300,almost,1
54400,random,4.2
54400,reverse,1
54400,almost,1
54500,random,4.2
54500,reverse,1
54500,almost,1
54600,random,4.4
54600,reverse,1
54600,almost,1
54700,random,4.2
54700,reverse,1
54700,almost,1
54800,random,4
54800,reverse,1
54800,almost,1
54900,random,4.2
54900,reverse,1
54900,almost,1
55000,random,4
55000,reverse,1
55000,almost,1
55100,random,4.4
55100,reverse,1
55100,almost,1
55200,random,4.2
55200,reverse,1
55200,almost,1.2
55300,random,4
55300,reverse,1
55300,almost,1
55400,random,4
55400,reverse,1
55400,almost,1
55500,random,4
55500,reverse,1
55500,almost,1
55600,random,4
55600,reverse,1
55600,almost,1.2
55700,random,4.4
55700,reverse,1
55700,almost,1.2
55800,random,4.6
55800,reverse,1
55800,almost,1
55900,random,4.6
55900,reverse,1
55900,almost,1
56000,random,4.8
56000,reverse,1
56000,almost,1.2
56100,random,4.6
56100,reverse,1
56100,almost,1.2
56200,random,4.8
56200,reverse,1
56200,almost,1.2
56300,random,4.2
56300,reverse,1
56300,almost,1.2
56400,random,4.4
56400,reverse,1
56400,almost,1
56500,random,4.6
56500,reverse,1
56500,almost,1
56600,random,5
56600,reverse,1
56600,almost,1
56700,random,4.4
56700,reverse,1
56700,almost,1
56800,random,4.2
56800,reverse,1
56800,almost,1.2
56900,random,5
56900,reverse,1
56900,almost,1
57000,random,4
57000,reverse,1
57000,almost,1
57100,random,5
57100,reverse,1
57100,almost,1
57200,random,4.8
57200,reverse,1
57200,almost,1.2
57300,random,4.8
57300,reverse,1
57300,almost,1
57400,random,4.8
57400,reverse,1
57400,almost,1.2
57500,random,4.6
57500,reverse,1
57500,almost,1
57600,random,5
57600,reverse,1
57600,almost,1.2
57700,random,5
57700,reverse,1
57700,almost,1
57800,random,4.8
57800,reverse,1
57800,almost,1
57900,random,5
57900,reverse,1
57900,almost,1.2
58000,random,4.4
58000,reverse,1
58000,almost,1
58100,random,4.8
58100,reverse,1
58100,almost,1
58200,random,5
58200,reverse,1
58200,almost,1
58300,random,5
58300,reverse,1
58300,almost,1
58400,random,5
58400,reverse,1
58400,almost,1.2
58500,random,5
58500,reverse,1
58500,almost,1
58600,random,5
58600,reverse,1
58600,almost,1
58700,random,5.2
58700,reverse,1
58700,almost,1
58800,random,5
58800,reverse,1
58800,almost,1
58900,random,5
58900,reverse,1
58900,almost,1
59000,random,5
59000,reverse,1
59000,almost,1
59100,random,5
59100,reverse,1
59100,almost,1.2
59200,random,5
59200,reverse,1
59200,almost,2
59300,random,5
59300,reverse,1
59300,almost,1
59400,random,5
59400,reverse,1
59400,almost,1.2
59500,random,5
59500,reverse,1
59500,almost,1.2
59600,random,5.2
59600,reverse,1
59600,almost,1.2
59700,random,5
59700,reverse,1
59700,almost,1.2
59800,random,5
59800,reverse,1
59800,almost,1.2
59900,random,5
59900,reverse,1
59900,almost,1.2
60000,random,5
60000,reverse,1
60000,almost,1.4
60100,random,5
60100,reverse,1
60100,almost,1.2
60200,random,5
60200,reverse,1
60200,almost,1.2
60300,random,5
60300,reverse,1
60300,almost,1
60400,random,5
60400,reverse,1
60400,almost,1.2
60500,random,5
60500,reverse,1
60500,almost,1.2
60600,random,5
60600,reverse,1
60600,almost,1.4
60700,random,5
60700,reverse,1
60700,almost,1.4
60800,random,5
60800,reverse,1
60800,almost,1.4
60900,random,5
60900,reverse,1
60900,almost,2.2
61000,random,5
61000,reverse,1
61000,almost,2
61100,random,5
61100,reverse,1
61100,almost,2
61200,random,5
61200,reverse,1
61200,almost,1.8
61300,random,5
61300,reverse,1
61300,almost,1
61400,random,5
61400,reverse,1
61400,almost,1.6
61500,random,5
61500,reverse,1
61500,almost,1.6
61600,random,5
61600,reverse,1
61600,almost,1.8
61700,random,5
61700,reverse,1
61700,almost,1.6
61800,random,5
61800,reverse,1.2
61800,almost,2
61900,random,5
61900,reverse,1
61900,almost,1.8
62000,random,5
62000,reverse,1
62000,almost,1.4
62100,random,5
62100,reverse,1
62100,almost,2
62200,random,5
62200,reverse,1
62200,almost,2
62300,random,5
62300,reverse,1
62300,almost,1.2
62400,random,5
62400,reverse,1
62400,almost,1.8
62500,random,5
62500,reverse,1
62500,almost,2
62600,random,5
62600,reverse,1
62600,almost,1.6
62700,random,5
62700,reverse,1
62700,almost,1.8
62800,random,5
62800,reverse,1
62800,almost,1.6
62900,random,5
62900,reverse,1
62900,almost,1.6
63000,random,5
63000,reverse,1
63000,almost,2
63100,random,5
63100,reverse,1
63100,almost,2.2
63200,random,5.2
63200,reverse,1
63200,almost,1.8
63300,random,5
63300,reverse,1
63300,almost,2
63400,random,5
63400,reverse,1
63400,almost,2
63500,random,5.4
63500,reverse,1
63500,almost,2
63600,random,5
63600,reverse,1
63600,almost,2
63700,random,5
63700,reverse,1
63700,almost,2
63800,random,6
63800,reverse,1
63800,almost,2
63900,random,5
63900,reverse,1
63900,almost,2
64000,random,5.8
64000,reverse,1
64000,almost,2
64100,random,5.8
64100,reverse,1
64100,almost,2
64200,random,5.6
64200,reverse,1
64200,almost,2
64300,random,5.2
64300,reverse,1
64300,almost,2
64400,random,5.4
64400,reverse,1.4
64400,almost,3.2
64500,random,5.6
64500,reverse,1
64500,almost,2
64600,random,5
64600,reverse,1
64600,almost,2
64700,random,5.2
64700,reverse,1.2
64700,almost,3
64800,random,6.6
64800,reverse,1
64800,almost,2
64900,random,5.8
64900,reverse,1
64900,almost,2
65000,random,5.6
65000,reverse,1
65000,almost,2
65100,random,5.4
65100,reverse,1
65100,almost,2
65200,random,5
65200,reverse,1
65200,almost,2
65300,random,5.4
65300,reverse,1
65300,almost,2
65400,random,5.6
65400,reverse,1
65400,almost,2
65500,random,5.4
65500,reverse,1
65500,almost,2
65600,random,5.4
65600,reverse,1
65600,almost,2
65700,random,5.6
65700,reverse,1
65700,almost,2
65800,random,5.6
65800,reverse,1
65800,almost,2
65900,random,5
65900,reverse,1
65900,almost,2
66000,random,5.4
66000,reverse,1
66000,almost,2
66100,random,5
66100,reverse,1
66100,almost,2
66200,random,5
66200,reverse,1
66200,almost,2
66300,random,5.2
66300,reverse,2.6
66300,almost,2
66400,random,6.6
66400,reverse,1.2
66400,almost,2
66500,random,5.8
66500,reverse,1
66500,almost,2
66600,random,6
66600,reverse,1
66600,almost,2
66700,random,5.4
66700,reverse,1.2
66700,almost,2
66800,random,5.2
66800,reverse,1
66800,almost,2
66900,random,5.4
66900,reverse,1
66900,almost,2
67000,random,5.4
67000,reverse,3.4
67000,almost,2.8
67100,random,6.4
67100,reverse,1
67100,almost,2
67200,random,6
67200,reverse,1
67200,almost,2
67300,random,6
67300,reverse,1
67300,almost,2
67400,random,6
67400,reverse,1
67400,almost,2
67500,random,6
67500,reverse,1.2
67500,almost,2
67600,random,6
67600,reverse,1.2
67600,almost,2
67700,random,6
67700,reverse,1
67700,almost,2
67800,random,6
67800,reverse,1
67800,almost,2
67900,random,6
67900,reverse,1
67900,almost,2
68000,random,6
68000,reverse,1
68000,almost,2
68100,random,6
68100,reverse,1
68100,almost,2
68200,random,6
68200,reverse,1
68200,almost,2
68300,random,6.2
68300,reverse,1
68300,almost,2
68400,random,6
68400,reverse,1
68400,almost,2
68500,random,6
68500,reverse,1.8
68500,almost,2
68600,random,6
68600,reverse,1
68600,almost,2
68700,random,6
68700,reverse,1
68700,almost,2
68800,random,6
68800,reverse,1
68800,almost,2
68900,random,6
68900,reverse,1
68900,almost,2
69000,random,6
69000,reverse,1
69000,almost,2
69100,random,6.2
69100,reverse,1
69100,almost,2
69200,random,6
69200,reverse,1
69200,almost,2
69300,random,6
69300,reverse,1
69300,almost,2
69400,random,6.2
69400,reverse,1
69400,almost,2
69500,random,6
69500,reverse,1
69500,almost,2
69600,random,6
69600,reverse,1
69600,almost,2
69700,random,6
69700,reverse,1
69700,almost,2
69800,random,6
69800,reverse,1.2
69800,almost,2
69900,random,6
69900,reverse,1
69900,almost,2
70000,random,6
70000,reverse,1
70000,almost,2
70100,random,6
70100,reverse,1
70100,almost,2.4
70200,random,6
70200,reverse,1
70200,almost,2
70300,random,6
70300,reverse,1
70300,almost,2
70400,random,6
70400,reverse,1
70400,almost,2
70500,random,6.4
70500,reverse,1
70500,almost,2
70600,random,6
70600,reverse,1
70600,almost,2
70700,random,6
70700,reverse,1
70700,almost,2
70800,random,6
70800,reverse,1
70800,almost,2
70900,random,7
70900,reverse,1
70900,almost,2
71000,random,6
71000,reverse,1
71000,almost,2
71100,random,6
71100,reverse,1
71100,almost,2
71200,random,6
71200,reverse,1
71200,almost,2
71300,random,6
71300,reverse,1
71300,almost,2
71400,random,6
71400,reverse,2
71400,almost,2
71500,random,6
71500,reverse,1
71500,almost,2
71600,random,6.4
71600,reverse,1.2
71600,almost,2
71700,random,6.2
71700,reverse,1
71700,almost,2
71800,random,6.6
71800,reverse,1
71800,almost,2
71900,random,6
71900,reverse,1
71900,almost,2
72000,random,6
72000,reverse,1
72000,almost,2.2
72100,random,6.6
72100,reverse,1.6
72100,almost,2.2
72200,random,6
72200,reverse,1
72200,almost,2
72300,random,6
72300,reverse,1
72300,almost,2
72400,random,6
72400,reverse,1.2
72400,almost,2
72500,random,6
72500,reverse,1
72500,almost,2
72600,random,6
72600,reverse,1.2
72600,almost,2
72700,random,6
72700,reverse,1
72700,almost,2
72800,random,6
72800,reverse,1
72800,almost,2
72900,random,6.2
72900,reverse,1.2
72900,almost,2
73000,random,6
73000,reverse,1.2
73000,almost,2
73100,random,6
73100,reverse,1
73100,almost,2
73200,random,6.2
73200,reverse,1
73200,almost,2
73300,random,6
73300,reverse,1
73300,almost,2
73400,random,6.2
73400,reverse,1
73400,almost,2
73500,random,6
73500,reverse,1
73500,almost,2
73600,random,6
73600,reverse,1.2
73600,almost,2
73700,random,7.2
73700,reverse,3
73700,almost,2.2
73800,random,6
73800,reverse,1
73800,almost,2
73900,random,6.4
73900,reverse,1.2
73900,almost,2
74000,random,6
74000,reverse,1
74000,almost,2
74100,random,6
74100,reverse,1
74100,almost,2
74200,random,6
74200,reverse,1
74200,almost,2
74300,random,6.2
74300,reverse,1.6
74300,almost,8.6
74400,random,6.6
74400,reverse,2
74400,almost,2
74500,random,6.8
74500,reverse,1
74500,almost,2
74600,random,6.4
74600,reverse,1.4
74600,almost,2
74700,random,6.2
74700,reverse,1
74700,almost,2
74800,random,6.4
74800,reverse,1
74800,almost,2
74900,random,6.6
74900,reverse,1.6
74900,almost,2
75000,random,6.4
75000,reverse,1
75000,almost,2
75100,random,6.6
75100,reverse,1
75100,almost,2
75200,random,6.2
75200,reverse,1
75200,almost,2
75300,random,6
75300,reverse,1.2
75300,almost,2
75400,random,6
75400,reverse,1
75400,almost,2
75500,random,7
75500,reverse,1.8
75500,almost,2
75600,random,6.4
75600,reverse,1.2
75600,almost,2
75700,random,6.2
75700,reverse,1
75700,almost,2
75800,random,6
75800,reverse,1
75800,almost,2
75900,random,6
75900,reverse,1
75900,almost,2
76000,random,6.2
76000,reverse,1
76000,almost,2
76100,random,6
76100,reverse,1.2
76100,almost,2.6
76200,random,6
76200,reverse,1
76200,almost,2
76300,random,6.2
76300,reverse,1
76300,almost,2
76400,random,6.6
76400,reverse,1
76400,almost,2
76500,random,6.4
76500,reverse,2.8
76500,almost,2
76600,random,7
76600,reverse,1.2
76600,almost,2
76700,random,7
76700,reverse,1
76700,almost,2
76800,random,6.6
76800,reverse,1.2
76800,almost,2
76900,random,6.4
76900,reverse,1.4
76900,almost,2
77000,random,6.4
77000,reverse,1
77000,almost,2
77100,random,6
77100,reverse,1
77100,almost,2.2
77200,random,6.6
77200,reverse,1
77200,almost,2
77300,random,6
77300,reverse,1
77300,almost,2
77400,random,6.2
77400,reverse,1
77400,almost,2
77500,random,6.4
77500,reverse,1
77500,almost,2
77600,random,7
77600,reverse,1
77600,almost,2
77700,random,6.6
77700,reverse,1
77700,almost,2.2
77800,random,6.6
77800,reverse,1.2
77800,almost,2
77900,random,6.8
77900,reverse,1.2
77900,almost,2
78000,random,6.4
78000,reverse,1.2
78000,almost,2
78100,random,6.8
78100,reverse,1
78100,almost,2
78200,random,6.4
78200,reverse,1.2
78200,almost,2
78300,random,6.8
78300,reverse,1
78300,almost,2
78400,random,6.4
78400,reverse,1.4
78400,almost,2
78500,random,7
78500,reverse,1
78500,almost,2
78600,random,6.6
78600,reverse,1
78600,almost,2
78700,random,6.4
78700,reverse,1.2
78700,almost,2
78800,random,6.8
78800,reverse,1.8
78800,almost,2
78900,random,6.2
78900,reverse,1
78900,almost,2
79000,random,6.4
79000,reverse,1
79000,almost,2
79100,random,6.8
79100,reverse,1.2
79100,almost,2
79200,random,6.2
79200,reverse,1
79200,almost,2
79300,random,6.6
79300,reverse,1.2
79300,almost,2
79400,random,6
79400,reverse,1
79400,almost,2
79500,random,7
79500,reverse,1.2
79500,almost,2
79600,random,6.6
79600,reverse,1.6
79600,almost,2.2
79700,random,6.8
79700,reverse,1.4
79700,almost,2.2
79800,random,7
79800,reverse,2
79800,almost,2
79900,random,7
79900,reverse,1.4
79900,almost,2.2
80000,random,7
80000,reverse,1.6
80000,almost,2
80100,random,7
80100,reverse,1.4
80100,almost,2
80200,random,7.4
80200,reverse,1.4
80200,almost,2.2
80300,random,7.2
80300,reverse,1.2
80300,almost,2.2
80400,random,7.4
80400,reverse,3
80400,almost,4
80500,random,10.4
80500,reverse,3
80500,almost,4
80600,random,10.2
80600,reverse,3
80600,almost,4
80700,random,10
80700,reverse,3.6
80700,almost,5
80800,random,10.2
80800,reverse,3
80800,almost,4
80900,random,10
80900,reverse,3
80900,almost,4
81000,random,10
81000,reverse,3
81000,almost,4.2
81100,random,10
81100,reverse,3
81100,almost,4.4
81200,random,10
81200,reverse,3
81200,almost,4
81300,random,11.6
81300,reverse,3
81300,almost,4.6
81400,random,10
81400,reverse,3.2
81400,almost,4
81500,random,10.2
81500,reverse,3
81500,almost,4
81600,random,10
81600,reverse,3
81600,almost,4.6
81700,random,10
81700,reverse,3.4
81700,almost,4
81800,random,10.4
81800,reverse,3
81800,almost,4
81900,random,10
81900,reverse,4
81900,almost,4.4
82000,random,10.4
82000,reverse,3
82000,almost,4.4
82100,random,10.4
82100,reverse,3
82100,almost,4
82200,random,10
82200,reverse,3
82200,almost,5
82300,random,10.2
82300,reverse,3
82300,almost,4
82400,random,10
82400,reverse,4
82400,almost,4.8
82500,random,10.8
82500,reverse,3.4
82500,almost,5
82600,random,10.8
82600,reverse,3
82600,almost,4
82700,random,10
82700,reverse,3
82700,almost,4
82800,random,10.2
82800,reverse,3
82800,almost,4
82900,random,10.2
82900,reverse,3.2
82900,almost,4
83000,random,11.2
83000,reverse,3.2
83000,almost,4.6
83100,random,10
83100,reverse,3
83100,almost,4.2
83200,random,11
83200,reverse,3
83200,almost,4.2
83300,random,10
83300,reverse,3
83300,almost,4
83400,random,10
83400,reverse,3
83400,almost,4.6
83500,random,10
83500,reverse,3
83500,almost,4.4
83600,random,10
83600,reverse,3
83600,almost,4.8
83700,random,11
83700,reverse,3
83700,almost,4
83800,random,11.6
83800,reverse,3.4
83800,almost,4
83900,random,10.8
83900,reverse,3
83900,almost,4
84000,random,10
84000,reverse,3
84000,almost,4.8
84100,random,10.2
84100,reverse,3
84100,almost,4.4
84200,random,10.8
84200,reverse,3.8
84200,almost,5
84300,random,11
84300,reverse,3
84300,almost,4
84400,random,10
84400,reverse,3.2
84400,almost,4.8
84500,random,10.4
84500,reverse,3
84500,almost,4.2
84600,random,10.6
84600,reverse,4
84600,almost,4.6
84700,random,10.8
84700,reverse,3.2
84700,almost,4.4
84800,random,10.2
84800,reverse,3.4
84800,almost,5
84900,random,10.4
84900,reverse,3.4
84900,almost,4.4
85000,random,11
85000,reverse,3
85000,almost,4
85100,random,10.2
85100,reverse,3
85100,almost,4
85200,random,11
85200,reverse,3
85200,almost,4.8
85300,random,10.6
85300,reverse,3
85300,almost,4.2
85400,random,10.8
85400,reverse,3
85400,almost,4.2
85500,random,10
85500,reverse,3
85500,almost,4.6
85600,random,10.4
85600,reverse,3
85600,almost,4
85700,random,10.4
85700,reverse,3
85700,almost,4
85800,random,11
85800,reverse,3.4
85800,almost,4
85900,random,10.6
85900,reverse,3
85900,almost,4.6
86000,random,11
86000,reverse,3
86000,almost,4
86100,random,10.4
86100,reverse,3.2
86100,almost,4.4
86200,random,11.2
86200,reverse,3.4
86200,almost,4.2
86300,random,10.6
86300,reverse,3.2
86300,almost,4.2
86400,random,11
86400,reverse,3
86400,almost,4.2
86500,random,11
86500,reverse,3.2
86500,almost,4.8
86600,random,11
86600,reverse,3.2
86600,almost,5
86700,random,11
86700,reverse,3.4
86700,almost,4.8
86800,random,11
86800,reverse,3.2
86800,almost,5
86900,random,11.6
86900,reverse,3.2
86900,almost,4.8
87000,random,11.2
87000,reverse,3.2
87000,almost,4.2
87100,random,11.4
87100,reverse,3.6
87100,almost,4.8
87200,random,11.2
87200,reverse,3.2
87200,almost,5
87300,random,11.2
87300,reverse,3.4
87300,almost,4.2
87400,random,11
87400,reverse,3
87400,almost,4
87500,random,11.4
87500,reverse,3
87500,almost,4.4
87600,random,11.2
87600,reverse,3.4
87600,almost,4.2
87700,random,11
87700,reverse,3
87700,almost,4.2
87800,random,12.6
87800,reverse,3
87800,almost,5
87900,random,11
87900,reverse,3
87900,almost,4.4
88000,random,11.6
88000,reverse,3.4
88000,almost,4.2
88100,random,11.6
88100,reverse,3
88100,almost,4.2
88200,random,11
88200,reverse,4
88200,almost,5
88300,random,11
88300,reverse,3.2
88300,almost,4.4
88400,random,11
88400,reverse,3
88400,almost,4
88500,random,11
88500,reverse,3.6
88500,almost,4.6
88600,random,11
88600,reverse,3.8
88600,almost,5
88700,random,11.8
88700,reverse,3.6
88700,almost,5
88800,random,11.2
88800,reverse,3.6
88800,almost,5
88900,random,11
88900,reverse,3
88900,almost,4
89000,random,11.4
89000,reverse,3.4
89000,almost,5
89100,random,11
89100,reverse,3
89100,almost,4.8
89200,random,11
89200,reverse,4
89200,almost,4.4
89300,random,11.2
89300,reverse,3.4
89300,almost,4.4
89400,random,11
89400,reverse,3
89400,almost,6
89500,random,12
89500,reverse,4
89500,almost,5
89600,random,11
89600,reverse,3.8
89600,almost,5
89700,random,11.6
89700,reverse,3
89700,almost,5
89800,random,11.8
89800,reverse,3.2
89800,almost,4.6
89900,random,11.8
89900,reverse,3.4
89900,almost,4
90000,random,11
90000,reverse,3
90000,almost,4.8
90100,random,11.4
90100,reverse,3
90100,almost,4.2
90200,random,11.6
90200,reverse,3
90200,almost,4
90300,random,11.6
90300,reverse,3
90300,almost,4.2
90400,random,11.2
90400,reverse,3.8
90400,almost,5
90500,random,11
90500,reverse,3
90500,almost,5
90600,random,11.2
90600,reverse,3.8
90600,almost,5
90700,random,11.6
90700,reverse,4
90700,almost,2.6
90800,random,8
90800,reverse,2
90800,almost,2
90900,random,8
90900,reverse,2
90900,almost,2
91000,random,8
91000,reverse,2
91000,almost,2
91100,random,8
91100,reverse,2
91100,almost,2.2
91200,random,8
91200,reverse,2
91200,almost,2
91300,random,8
91300,reverse,2
91300,almost,2
91400,random,8
91400,reverse,2
91400,almost,2.8
91500,random,8
91500,reverse,2
91500,almost,2.6
91600,random,7.8
91600,reverse,2
91600,almost,2.6
91700,random,7.8
91700,reverse,2
91700,almost,2
91800,random,7.8
91800,reverse,2
91800,almost,2.2
91900,random,8
91900,reverse,2
91900,almost,2.8
92000,random,8.2
92000,reverse,2
92000,almost,2.2
92100,random,8
92100,reverse,2
92100,almost,2.8
92200,random,8
92200,reverse,2
92200,almost,2
92300,random,8
92300,reverse,2
92300,almost,2.8
92400,random,7.6
92400,reverse,2
92400,almost,2
92500,random,7.6
92500,reverse,2
92500,almost,3
92600,random,8
92600,reverse,2.2
92600,almost,2.8
92700,random,8
92700,reverse,2
92700,almost,2.2
92800,random,8.2
92800,reverse,2
92800,almost,3
92900,random,8.4
92900,reverse,2
92900,almost,2.6
93000,random,8.8
93000,reverse,2
93000,almost,2.2
93100,random,8
93100,reverse,2
93100,almost,2.2
93200,random,8.6
93200,reverse,2
93200,almost,2.4
93300,random,8
93300,reverse,2
93300,almost,2.6
93400,random,8
93400,reverse,2
93400,almost,2.2
93500,random,11.2
93500,reverse,2
93500,almost,2.2
93600,random,8
93600,reverse,2
93600,almost,2
93700,random,8
93700,reverse,2
93700,almost,2
93800,random,8
93800,reverse,2
93800,almost,2.4
93900,random,8
93900,reverse,2
93900,almost,2.2
94000,random,8
94000,reverse,2
94000,almost,2.8
94100,random,8
94100,reverse,2
94100,almost,2.2
94200,random,8.2
94200,reverse,2
94200,almost,2.4
94300,random,8.2
94300,reverse,2
94300,almost,2.6
94400,random,8
94400,reverse,2
94400,almost,3
94500,random,8.6
94500,reverse,2
94500,almost,2.6
94600,random,8
94600,reverse,2
94600,almost,2.4
94700,random,8
94700,reverse,2
94700,almost,2.2
94800,random,8.2
94800,reverse,2
94800,almost,2.4
94900,random,8
94900,reverse,2.2
94900,almost,2.2
95000,random,8
95000,reverse,2
95000,almost,2.8
95100,random,8.2
95100,reverse,2.2
95100,almost,2.2
95200,random,8.2
95200,reverse,2
95200,almost,2.2
95300,random,8
95300,reverse,2
95300,almost,2.4
95400,random,8.2
95400,reverse,2
95400,almost,2.4
95500,random,10
95500,reverse,2
95500,almost,3
95600,random,8.6
95600,reverse,2
95600,almost,2.6
95700,random,8
95700,reverse,2
95700,almost,2.2
95800,random,8
95800,reverse,2
95800,almost,2
95900,random,8
95900,reverse,2
95900,almost,3
96000,random,8
96000,reverse,2
96000,almost,2.2
96100,random,8
96100,reverse,2
96100,almost,2
96200,random,8
96200,reverse,2
96200,almost,2.2
96300,random,8
96300,reverse,2
96300,almost,2.2
96400,random,8
96400,reverse,2
96400,almost,2.8
96500,random,8
96500,reverse,2.2
96500,almost,2.2
96600,random,8
96600,reverse,2
96600,almost,2.2
96700,random,8
96700,reverse,2
96700,almost,2.8
96800,random,8
96800,reverse,2
96800,almost,2
96900,random,8
96900,reverse,2
96900,almost,2
97000,random,8.2
97000,reverse,2
97000,almost,2.2
97100,random,8
97100,reverse,2
97100,almost,2.2
97200,random,8.4
97200,reverse,2
97200,almost,2.2
97300,random,8
97300,reverse,2
97300,almost,2
97400,random,8
97400,reverse,2
97400,almost,2
97500,random,8
97500,reverse,2
97500,almost,2
97600,random,8.2
97600,reverse,2
97600,almost,2.2
97700,random,8.2
97700,reverse,2
97700,almost,2
97800,random,8.8
97800,reverse,2
97800,almost,2.2
97900,random,8.2
97900,reverse,2
97900,almost,2
98000,random,8
98000,reverse,2
98000,almost,2
98100,random,8
98100,reverse,2
98100,almost,2.2
98200,random,8.2
98200,reverse,2
98200,almost,2.2
98300,random,8.6
98300,reverse,2
98300,almost,2.2
98400,random,9
98400,reverse,2
98400,almost,2
98500,random,8.6
98500,reverse,2
98500,almost,2
98600,random,8
98600,reverse,2
98600,almost,2
98700,random,8.2
98700,reverse,2
98700,almost,3.4
98800,random,8.8
98800,reverse,2
98800,almost,2.2
98900,random,9
98900,reverse,2
98900,almost,2
99000,random,8
99000,reverse,2.2
99000,almost,2.2
99100,random,8.2
99100,reverse,2
99100,almost,2.2
99200,random,8.8
99200,reverse,2
99200,almost,2.6
99300,random,8.6
99300,reverse,2.2
99300,almost,3.8
99400,random,8.8
99400,reverse,2
99400,almost,2.2
99500,random,8.6
99500,reverse,2
99500,almost,2
99600,random,8.4
99600,reverse,2
99600,almost,2
99700,random,8.4
99700,reverse,2
99700,almost,2.2
99800,random,9
99800,reverse,2
99800,almost,2.2
99900,random,8.8
99900,reverse,2
99900,almost,2
100000,random,9.8
100000,reverse,2
100000,almost,2
